cell,cell_type,side,set,in_degree,carrier_weight,w_from_left_carriers,w_from_right_carriers,w_exc_from_left,w_exc_from_right,w_inh_from_left,w_inh_from_right
10003,DNp17,L,keeps,73,0.04059829213656485,0.04059829213656485,0.0,0.04059829213656485,0.0,0.0,0.0
15881,DNp17,L,keeps,63,0.059097979217767715,0.059097979217767715,0.0,0.059097979217767715,0.0,0.0,0.0
17747,DNp17,L,keeps,69,0.06779661029577255,0.06779661029577255,0.0,0.06779661029577255,0.0,0.0,0.0
20653,DNp17,L,keeps,58,0.08232445642352104,0.08232445642352104,0.0,0.08232445642352104,0.0,0.0,0.0
22771,DNp17,L,keeps,64,0.050549451261758804,0.050549451261758804,0.0,0.050549451261758804,0.0,0.0,0.0
22978,DNp17,L,keeps,48,0.08011869341135025,0.08011869341135025,0.0,0.08011869341135025,0.0,0.0,0.0
14048,DNp17,R,keeps,71,0.07989690452814102,0.07989690452814102,0.0,0.07989690452814102,0.0,0.0,0.0
21557,DNp17,R,keeps,63,0.08307210262864828,0.08307210262864828,0.0,0.08307210262864828,0.0,0.0,0.0
34398,DNp17,R,keeps,57,0.0760563388466835,0.0760563388466835,0.0,0.0760563388466835,0.0,0.0,0.0
68276,DNp17,R,keeps,64,0.07415254041552544,0.07415254041552544,0.0,0.07415254041552544,0.0,0.0,0.0
73809,DNp17,R,keeps,66,0.12190812919288874,0.12190812919288874,0.0,0.12190812919288874,0.0,0.0,0.0
130041,DNp17,R,keeps,70,0.10029498487710953,0.10029498487710953,0.0,0.10029498487710953,0.0,0.0,0.0
9059,DNa07,L,keeps,317,0.13823933975072578,0.0,0.13823933975072578,0.0,0.13823933975072578,0.0,0.0
6572,DNa07,R,keeps,290,0.13989637099439278,0.0,0.13989637099439278,0.0,0.13989637099439278,0.0,0.0
523,DNp26,L,keeps,761,0.064283507388609,0.064283507388609,0.0,0.064283507388609,0.0,0.0,0.0
127864,DNp26,R,keeps,774,0.06681213766569272,0.06670823076274246,0.00010390690295025706,0.06670823076274246,0.00010390690295025706,0.0,0.0
146,DNp20,L,keeps,153,0.061258978210389614,0.061258978210389614,0.0,0.061258978210389614,0.0,0.0,0.0
48,DNp20,R,keeps,147,0.06058073975145817,0.06058073975145817,0.0,0.06058073975145817,0.0,0.0,0.0
433,DNbe001,L,keeps,1276,0.05352404339646455,0.05352404339646455,0.0,0.05352404339646455,0.0,0.0,0.0
132319,DNbe001,R,keeps,1383,0.05909644448547624,0.05909644448547624,0.0,0.05909644448547624,0.0,0.0,0.0
238,DNp11,L,keeps,1524,0.07199312746524811,0.025257732064346783,0.046735395400901325,0.004037800710648298,0.022594501730054617,-0.021219931353698485,-0.024140893670846708
92,DNp11,R,keeps,1399,0.07146524079144001,0.02412978676147759,0.04733545402996242,0.001334839267656207,0.021973507944494486,-0.022794947493821383,-0.025361946085467935
204,DNpe056,L,same_input_loses,1253,0.05289914883906022,0.04616652966069523,0.006732619178364985,0.04616652966069523,0.006732619178364985,0.0,0.0
680,DNpe056,R,same_input_loses,1299,0.07178412271605339,0.05056326891644858,0.02122085379960481,0.05056326891644858,0.02122085379960481,0.0,0.0
5129,DNge030,L,same_input_loses,367,0.023255813284777105,0.022063207463361323,0.001192605821415782,0.022063207463361323,0.001192605821415782,0.0,0.0
129194,DNge030,R,same_input_loses,347,0.009018567623570561,0.00848806364228949,0.0005305039812810719,0.00848806364228949,0.0005305039812810719,0.0,0.0
6590,DNg82,L,same_input_loses,375,0.00581088219769299,0.00581088219769299,0.0,0.00581088219769299,0.0,0.0,0.0
50692,DNg82,L,same_input_loses,389,0.03314917115494609,0.005022601690143347,0.028126569464802742,0.005022601690143347,0.028126569464802742,0.0,0.0
6517,DNg82,R,same_input_loses,374,0.027327935793437064,0.027327935793437064,0.0,0.027327935793437064,0.0,0.0,0.0
130256,DNg82,R,same_input_loses,353,0.0005681818001903594,0.0005681818001903594,0.0,0.0005681818001903594,0.0,0.0,0.0
131489,DNpe037,L,same_input_loses,642,0.016763378225732595,0.0012894906685687602,0.015473887557163835,0.0012894906685687602,0.015473887557163835,0.0,0.0
7844,DNpe037,R,same_input_loses,642,0.012255713605554774,0.00033123549656011164,0.011924478108994663,0.00033123549656011164,0.011924478108994663,0.0,0.0
135186,DNpe022,L,little_input,748,0.00019383602193556726,0.0,0.00019383602193556726,0.0,0.00019383602193556726,0.0,0.0
1488,DNpe022,R,little_input,788,0.0019080328638665378,0.0015264262910932302,0.00038160657277330756,0.0015264262910932302,0.00038160657277330756,0.0,0.0
228,DNp31,L,little_input,1229,0.003273225000157254,0.0032137118178070523,5.951318235020153e-05,0.0032137118178070523,5.951318235020153e-05,0.0,0.0
243,DNp31,R,little_input,1292,0.0020814061135752127,0.001965772440598812,0.0001156336729764007,0.001965772440598812,0.0001156336729764007,0.0,0.0
131957,DNa02,L,little_input,1138,0.008056100494286511,0.008056100494286511,0.0,0.008056100494286511,0.0,0.0,0.0
332,DNa02,R,little_input,1201,0.013654419140948448,0.013654419140948448,0.0,0.013654419140948448,0.0,0.0,0.0
1196,MDN,L,little_input,714,0.0,0.0,0.0,0.0,0.0,0.0,0.0
2194,MDN,L,little_input,691,0.0,0.0,0.0,0.0,0.0,0.0,0.0
706,MDN,R,little_input,713,0.0,0.0,0.0,0.0,0.0,0.0,0.0
1240,MDN,R,little_input,694,0.0,0.0,0.0,0.0,0.0,0.0,0.0
36,DNg100,L,little_input,1123,0.0,0.0,0.0,0.0,0.0,0.0,0.0
46,DNg100,R,little_input,1166,0.0,0.0,0.0,0.0,0.0,0.0,0.0
6,DNp01,L,little_input,759,0.0,0.0,0.0,0.0,0.0,0.0,0.0
0,DNp01,R,little_input,695,0.0,0.0,0.0,0.0,0.0,0.0,0.0
